PLZ_ID,protein_id,pdb_id,structure_source,structure_method,resolution,pdb_path,json_path
bd7ef0ab46,X0223,8AIR,RCSB_PDB,X-RAY DIFFRACTION,1.08 Å,pdb/X0223.pdb,json/X0223.json
ba04d67a0c,X0321,6SBN,RCSB_PDB,X-RAY DIFFRACTION,1.09 Å,pdb/X0321.pdb,json/X0321.json
2cbb6fa0a4,X0200,1AGY,RCSB_PDB,X-RAY DIFFRACTION,1.15 Å,pdb/X0200.pdb,json/X0200.json
ee302712eb,X0393,7YKO,RCSB_PDB,X-RAY DIFFRACTION,1.15 Å,pdb/X0393.pdb,json/X0393.json
ebb1e4fd55,X0055,5AH1,RCSB_PDB,X-RAY DIFFRACTION,1.2 Å,pdb/X0055.pdb,json/X0055.json
4c0dc053e3,X0189,8AIT,RCSB_PDB,X-RAY DIFFRACTION,1.24 Å,pdb/X0189.pdb,json/X0189.json
222a0eb1a0,X0357,7EOA,RCSB_PDB,X-RAY DIFFRACTION,1.24 Å,pdb/X0357.pdb,json/X0357.json
bec89b1c7b,X0241,7CY3,RCSB_PDB,X-RAY DIFFRACTION,1.27 Å,pdb/X0241.pdb,json/X0241.json
91158a9f29,X0363,7NEI,RCSB_PDB,X-RAY DIFFRACTION,1.3 Å,pdb/X0363.pdb,json/X0363.json
59c3ac884c,X0253,7YM9,RCSB_PDB,X-RAY DIFFRACTION,1.34 Å,pdb/X0253.pdb,json/X0253.json
fea5f92c2f,X0180,8C65,RCSB_PDB,X-RAY DIFFRACTION,1.491 Å,pdb/X0180.pdb,json/X0180.json
cafcfe03da,X0180,8C65,RCSB_PDB,X-RAY DIFFRACTION,1.491 Å,pdb/X0180.pdb,json/X0180.json
0587836e7f,X0089,5LUI,RCSB_PDB,X-RAY DIFFRACTION,1.5 Å,pdb/X0089.pdb,json/X0089.json
63bef039bc,X0089,5LUI,RCSB_PDB,X-RAY DIFFRACTION,1.5 Å,pdb/X0089.pdb,json/X0089.json
163307ae0e,X0089,5LUI,RCSB_PDB,X-RAY DIFFRACTION,1.5 Å,pdb/X0089.pdb,json/X0089.json
cceac56d17,X0372,8C4X,RCSB_PDB,X-RAY DIFFRACTION,1.52 Å,pdb/X0372.pdb,json/X0372.json
da03ff6a1f,X0221,1TCA,RCSB_PDB,X-RAY DIFFRACTION,1.55 Å,pdb/X0221.pdb,json/X0221.json
0a0da03236,X0188,8AIS,RCSB_PDB,X-RAY DIFFRACTION,1.56 Å,pdb/X0188.pdb,json/X0188.json
4a33bf07ab,X0053,7QJP,RCSB_PDB,X-RAY DIFFRACTION,1.561 Å,pdb/X0053.pdb,json/X0053.json
f9e5478243,X0267,2ZLY,RCSB_PDB,X-RAY DIFFRACTION,1.58 Å,pdb/X0267.pdb,json/X0267.json
866554aa77,X0001,7QJQ,RCSB_PDB,X-RAY DIFFRACTION,1.64 Å,pdb/X0001.pdb,json/X0001.json
996508e56e,X0148,2D80,RCSB_PDB,X-RAY DIFFRACTION,1.7 Å,pdb/X0148.pdb,json/X0148.json
8fd8c71895,X0187,8B4U,RCSB_PDB,X-RAY DIFFRACTION,1.71 Å,pdb/X0187.pdb,json/X0187.json
3802c03734,X0008,7QJT,RCSB_PDB,X-RAY DIFFRACTION,1.78 Å,pdb/X0008.pdb,json/X0008.json
efbb5e2435,X0184,4B2N,RCSB_PDB,X-RAY DIFFRACTION,1.8 Å,pdb/X0184.pdb,json/X0184.json
a0954edf8c,X0463,3A2Q,RCSB_PDB,X-RAY DIFFRACTION,1.8 Å,pdb/X0463.pdb,json/X0463.json
6705dda016,X0013,2FX5,RCSB_PDB,X-RAY DIFFRACTION,1.8 Å,pdb/X0013.pdb,json/X0013.json
6c598a08cc,X0396,7QJO,RCSB_PDB,X-RAY DIFFRACTION,1.933 Å,pdb/X0396.pdb,json/X0396.json
b976d89166,X0063,5D8M,RCSB_PDB,X-RAY DIFFRACTION,1.95 Å,pdb/X0063.pdb,json/X0063.json
c3284e015c,X0308,5XYO,RCSB_PDB,X-RAY DIFFRACTION,2.0 Å,pdb/X0308.pdb,json/X0308.json
8590497fdb,X0315,3AXG,RCSB_PDB,X-RAY DIFFRACTION,2.0 Å,pdb/X0315.pdb,json/X0315.json
94e8157fc2,X0341,7CC4,RCSB_PDB,X-RAY DIFFRACTION,2.0 Å,pdb/X0341.pdb,json/X0341.json
0ea7e098ff,X0341,7CC4,RCSB_PDB,X-RAY DIFFRACTION,2.0 Å,pdb/X0341.pdb,json/X0341.json
aef0b24815,X0433,7QJM,RCSB_PDB,X-RAY DIFFRACTION,2.19 Å,pdb/X0433.pdb,json/X0433.json
57a9cf2b6e,X0152,7DZT,RCSB_PDB,X-RAY DIFFRACTION,2.35 Å,pdb/X0152.pdb,json/X0152.json
91351ca686,X0353,6JTT,RCSB_PDB,X-RAY DIFFRACTION,2.51 Å,pdb/X0353.pdb,json/X0353.json
a07f81ab9e,X0100,7CWG,RCSB_PDB,X-RAY DIFFRACTION,2.8 Å,pdb/X0100.pdb,json/X0100.json
